<?xml version="1.0" encoding="UTF-8"?>
<project-private xmlns="http://www.netbeans.org/ns/project-private/1">
    <editor-bookmarks xmlns="http://www.netbeans.org/ns/editor-bookmarks/2" lastBookmarkId="0"/>
    <open-files xmlns="http://www.netbeans.org/ns/projectui-open-files/2">
        <group>
            <file>file:/home/kalki/NetBeansProjects/TechBlog/src/java/com/tarachand/servlets/LoginServlet.java</file>
            <file>file:/home/kalki/NetBeansProjects/TechBlog/web/signup.jsp</file>
            <file>file:/home/kalki/NetBeansProjects/TechBlog/src/java/com/tarachand/entities/User.java</file>
            <file>file:/home/kalki/NetBeansProjects/TechBlog/web/signin.jsp</file>
            <file>file:/home/kalki/NetBeansProjects/TechBlog/web/error_page.jsp</file>
            <file>file:/home/kalki/NetBeansProjects/TechBlog/web/profile.jsp</file>
            <file>file:/home/kalki/NetBeansProjects/TechBlog/src/java/com/tarachand/servlets/RegisterServlet.java</file>
        </group>
    </open-files>
</project-private>
